-- phpMyAdmin SQL Dump
-- version 4.7.4
-- https://www.phpmyadmin.net/
--
-- Host: 127.0.0.1
-- Generation Time: Dec 07, 2019 at 08:56 AM
-- Server version: 10.1.28-MariaDB
-- PHP Version: 7.1.10

SET SQL_MODE = "NO_AUTO_VALUE_ON_ZERO";
SET AUTOCOMMIT = 0;
START TRANSACTION;
SET time_zone = "+00:00";


/*!40101 SET @OLD_CHARACTER_SET_CLIENT=@@CHARACTER_SET_CLIENT */;
/*!40101 SET @OLD_CHARACTER_SET_RESULTS=@@CHARACTER_SET_RESULTS */;
/*!40101 SET @OLD_COLLATION_CONNECTION=@@COLLATION_CONNECTION */;
/*!40101 SET NAMES utf8mb4 */;

--
-- Database: `ybs`
--

-- --------------------------------------------------------

--
-- Table structure for table `bus`
--

CREATE TABLE `bus` (
  `bid` int(20) NOT NULL,
  `bnum` text NOT NULL,
  `color` text NOT NULL
) ENGINE=InnoDB DEFAULT CHARSET=latin1;

--
-- Dumping data for table `bus`
--

INSERT INTO `bus` (`bid`, `bnum`, `color`) VALUES
(1, 'YBS 1', 'Blue'),
(2, 'YBS 2', 'Red'),
(3, 'YBS 3', 'Red'),
(4, 'YBS 4', 'Red'),
(5, 'YBS 5', 'Red'),
(6, 'YBS 6', 'Red'),
(7, 'YBS 7', 'Red'),
(8, 'YBS 8', 'Purple'),
(9, 'YBS 9', 'Purple'),
(10, 'YBS 10', 'Purple'),
(11, 'YBS 11', 'Blue'),
(12, 'YBS 12', 'Red'),
(14, 'YBS 14', 'Red'),
(15, 'YBS 15', 'Red'),
(16, 'YBS 16', 'Red'),
(17, 'YBS 17', 'Red'),
(18, 'YBS 18', 'Red'),
(19, 'YBS 19', 'Red'),
(20, 'YBS 20', 'Blue'),
(21, 'YBS 21', 'Blue'),
(22, 'YBS 22', 'Blue'),
(23, 'YBS 23', 'BLue'),
(24, 'YBS 24', 'Red'),
(25, 'YBS 25', 'Red'),
(26, 'YBS 26', 'Red'),
(27, 'YBS 27', 'Red'),
(28, 'YBS 28', 'Red'),
(29, 'YBS 29', 'Red'),
(31, 'YBS 31', 'Purple'),
(32, 'YBS 32', 'Purple'),
(33, 'YBS 33', 'Purple'),
(34, 'YBS 34', 'Purple'),
(35, 'YBS 35', 'Blue'),
(36, 'YBS 36', 'Blue'),
(37, 'YBS 37', 'Blue'),
(38, 'YBS 38', 'Red'),
(39, 'YBS 39', 'Blue'),
(40, 'YBS 40', 'Blue'),
(41, 'YBS 41', 'Blue'),
(42, 'YBS 42', 'Blue'),
(43, 'YBS 43', 'Green'),
(44, 'YBS 44', 'Green'),
(45, 'YBS 45', 'Green'),
(46, 'YBS 46', 'Green'),
(47, 'YBS 47', 'Green'),
(48, 'YBS 48', 'Green'),
(49, 'YBS 49', 'Green'),
(50, 'YBS 50', 'Green'),
(51, 'YBS 51', 'Green'),
(52, 'YBS 52', 'Green'),
(53, 'YBS 53', 'Green'),
(54, 'YBS 54', 'Green'),
(55, 'YBS 55', 'Green'),
(56, 'YBS 56', 'Brown'),
(57, 'YBS 57', 'Brown'),
(58, 'YBS 58', 'Brown'),
(59, 'YBS 59', 'Red'),
(60, 'YBS 60', 'Green'),
(61, 'YBS 61', 'Blue'),
(62, 'YBS 62', 'Green'),
(63, 'YBS 63', 'Red'),
(64, 'YBS 64', 'Red'),
(65, 'YBS 65', 'Blue'),
(66, 'YBS 66', 'Green'),
(67, 'YBS 67', 'Green'),
(68, 'YBS 68', 'Blue'),
(69, 'YBS 69', 'Blue'),
(70, 'YBS 70', 'Purple');

-- --------------------------------------------------------

--
-- Table structure for table `bus_stop`
--

CREATE TABLE `bus_stop` (
  `bsid` int(10) NOT NULL,
  `bsname` varchar(30) NOT NULL
) ENGINE=InnoDB DEFAULT CHARSET=latin1;

--
-- Dumping data for table `bus_stop`
--

INSERT INTO `bus_stop` (`bsid`, `bsname`) VALUES
(149, ' A Thin Taing'),
(210, ' Ba Yr Cyoke Toe'),
(153, ' Bo Ta Htaung Bat Yr Road'),
(24, ' Boe Muu Ba Htoo Road'),
(169, ' Daw Pone'),
(109, ' Kyo Tan Thar'),
(22, ' Maung Ma Kan Road'),
(48, ' Min Nanda Street'),
(235, ' Ninn Si Khone Road'),
(23, ' No (2) Street'),
(178, ' No(3) Land Pan Lal Myo Thit'),
(123, ' No(3) Land sone'),
(192, ' No(4) Road'),
(177, ' Nwe Kwe'),
(143, ' Pa Thein Road'),
(180, ' Pyay Road'),
(248, ' Say Yone Kwae '),
(160, ' U Wee Sr Ya Road'),
(62, '10 Mile Kone'),
(158, '133 Yat Kwat'),
(134, '14 Land Sone'),
(94, '46 Land Sone'),
(81, '5 kwae'),
(93, '50 kwae'),
(30, '6 kwe'),
(71, '7 Zay Street'),
(95, '7/8 Land Sone'),
(60, '8 mile Land Sone'),
(224, '86 gate'),
(52, '89 Land Sone'),
(63, '9 mile'),
(50, 'A Naw Ya Htar Street'),
(31, 'Aung Mingalar Highway '),
(57, 'Aung Myint Mo'),
(156, 'Aung Zay Ya Street'),
(136, 'Aungmingalar 3 Road'),
(34, 'Ayeyarwady Street'),
(142, 'Ba Ho Road'),
(39, 'Ba Nya Dala Street'),
(144, 'Ba Yint Noun Bridge'),
(125, 'Ba Yint Noun Land Sone'),
(130, 'Ba Yint Noun Road'),
(242, 'Bagan Road'),
(214, 'Bago'),
(161, 'Bahan(3) Street'),
(88, 'Ban Du La Road'),
(59, 'Billy'),
(223, 'Bo Aung Kyaw Road'),
(56, 'Bo Choke Aung San Street'),
(159, 'Bo Muu Ba Htuu Road'),
(233, 'Bo Tat Htaung Zay Road'),
(113, 'BOC'),
(129, 'BOC A wine'),
(6, 'Ce O T'),
(193, 'Computer University'),
(250, 'Da La'),
(135, 'Da Nyin Kone'),
(198, 'Da Nyin Kone Land Sone'),
(101, 'Dagon'),
(128, 'Dagon Ayeyar Highway'),
(75, 'Dagon Garden kwae'),
(118, 'Dagon Highway'),
(237, 'Dagon Taung (104)'),
(84, 'Dagon University'),
(206, 'Dar pane'),
(3, 'Dare poe'),
(37, 'East Mying Pyine Kwin Road'),
(172, 'East University '),
(90, 'Han Thar Wadi Road'),
(208, 'Hlaing Thar Yar'),
(89, 'Hledan Khine Shwe Wah'),
(105, 'Hleden Center'),
(1, 'Hlegu'),
(204, 'Hleku Zay Shay'),
(216, 'Htam Tip Pin'),
(176, 'Htaunt Kyant'),
(8, 'Inn Tite'),
(87, 'Insane Garden'),
(70, 'Inwa'),
(200, 'Ka Mar Kyi Road'),
(170, 'Ka Yan'),
(85, 'Ka Yay Pin Lan Kwa'),
(179, 'Ka Yay Pin Land Kwal'),
(122, 'Ka Yay Yate Mon'),
(168, 'Ka Yay Yate Mon Eain Yar'),
(162, 'Kabar Aye Pagoda Road'),
(211, 'Kan Bay'),
(146, 'Kan Nrr Road'),
(212, 'Kaw Muu'),
(26, 'Kay Mr Ti Road'),
(213, 'Kon Chan Kone'),
(232, 'Kone Tal Road'),
(66, 'Kone Tauk'),
(191, 'Kote Kite'),
(43, 'Kwae Ma'),
(221, 'Kyan Sit Tar Road'),
(79, 'Kyat Bal Zay'),
(163, 'Kyi Myint Tai'),
(107, 'Kyi Myint Tai Kan Nrr Street'),
(234, 'Kyi Myint Tie Kan Nrr Road'),
(42, 'Kyike Ka San Street'),
(116, 'Kyouk Street'),
(247, 'Kyouk Than Road'),
(47, 'Kyouk Tine'),
(201, 'Lat Kone'),
(76, 'Latha Road'),
(58, 'Law Car Road'),
(21, 'Law Car Street'),
(148, 'Lay Douk Kan Road'),
(36, 'Lay Doung Kan Street'),
(244, 'Linn Sa Down'),
(49, 'Ma Har Ban Dula Bridge'),
(152, 'Ma Hrr Ban Du La Tan Thar'),
(96, 'Ma Wa Ta Land Sone'),
(164, 'Marin Science University'),
(230, 'Maw Bee Technology University'),
(202, 'Maw Bee Zay Shay'),
(231, 'Maw Bee\\'),
(139, 'Maw Tin'),
(219, 'Mee Kwat Zay'),
(157, 'Mental Hospital'),
(138, 'Min Gyi Road'),
(205, 'Min Kon'),
(174, 'Min Thaw Thar Road'),
(154, 'Min Yair Kyaw Swar Road'),
(41, 'Mingalar Zay'),
(98, 'Moe Kaung Road'),
(229, 'Myar Tat Kar'),
(181, 'Myay Nee Kone'),
(133, 'Myay Ni Kone'),
(17, 'Myin Thar'),
(72, 'Myin Thw Thar Street'),
(25, 'Myouk Oak Kalar Pa a Wine'),
(28, 'Myouk Oak Kalar Pa Hospital'),
(110, 'Na Wa Day'),
(241, 'Nan Thi Tar Sate Kan'),
(74, 'Nat Mout Street'),
(186, 'No(3) Land Sone'),
(184, 'No(3) Road'),
(222, 'Nyoun Tone Street'),
(185, 'Pa Lal Myo Thit'),
(117, 'Pa Tain Road'),
(151, 'Pa Zon Taung Say'),
(33, 'Pago Myint Street'),
(197, 'Pan Lal Road'),
(226, 'Pan Tain Road'),
(83, 'Parame Street'),
(124, 'Phone Gyi Road'),
(102, 'Pin lone Street'),
(4, 'Pouk kone '),
(119, 'Pouk Than A wine'),
(141, 'Pouk Thaw Wa'),
(61, 'Pyay Road'),
(137, 'Pyay Thaw Thar'),
(20, 'Pyi Htaung Su Road'),
(196, 'San Pya'),
(132, 'San Pya Nya Say'),
(18, 'San Pya Zay'),
(239, 'Sat Muu (4) Road'),
(189, 'Sat Muu Zone(1) Road'),
(245, 'Sate Kan Thar Land'),
(246, 'Sate Kan Thar Road'),
(78, 'Shwe Ba Ho'),
(54, 'Shwe Lee Street'),
(220, 'Shwe Lin Ban Land Sone'),
(115, 'Shwe Pouk Kan'),
(190, 'Shwe Pyay Thar'),
(199, 'Shwe Pyi Thar Kwae'),
(225, 'Shwe Yay Aye Road'),
(92, 'Shwedagon Pagoda Road'),
(35, 'Si Pin Street'),
(106, 'Sin Ma lite'),
(126, 'Sin Ma Lite Zay'),
(86, 'Sor Bwr Gyee Kone'),
(64, 'South Dagon'),
(188, 'South Oak Kalar Ba Yr'),
(183, 'Sule'),
(120, 'Ta Ma Kone A wine'),
(215, 'Ta Nat Pin'),
(9, 'Ta Youk Kone'),
(67, 'Tamwe'),
(38, 'Tamwe a wine'),
(45, 'Tan Lwin Tat Tar Chin Street'),
(103, 'Tan Thu Mr Street'),
(68, 'Tane Phyu'),
(46, 'Tar Kay Ta a Wine'),
(13, 'Taung Myouk Lan Sone'),
(127, 'TB Hospital'),
(77, 'Technology University'),
(10, 'Tha Nat Pin'),
(147, 'Tha Pin Shwe Htee Road'),
(108, 'Thakhin Mya Garden'),
(114, 'Thamine Road'),
(165, 'Than Lwin'),
(173, 'Than Lwin No(1) Tan Thar'),
(249, 'Than Lwin Zay'),
(73, 'Thar Kay Ta Tan Thar'),
(55, 'Thar Kay Tha'),
(2, 'Thar Sone'),
(11, 'Thin Gan Gyun'),
(145, 'Thiri Mingalar Zay'),
(131, 'Thiri Mingalar Zay Thit'),
(97, 'Thitsar Street'),
(29, 'Thu Da Mar Street'),
(15, 'Thu Mingalar'),
(167, 'Thu Mingalar Road'),
(80, 'Thuwana Tan Tar'),
(150, 'Thuwana Tan Thar'),
(227, 'Tike Gyi'),
(44, 'Tine Yin Thar Kyay Ywar'),
(209, 'Ton Tay'),
(171, 'Tone Kwa'),
(207, 'Tone Tay Tan Tar'),
(53, 'Tun Shwe Wah Street'),
(240, 'U Chit Maung Road'),
(228, 'U Kan'),
(27, 'University of Medicine (2)'),
(238, 'Wai Bar Kee'),
(166, 'Wai Za Ya Nrr Road'),
(91, 'West Shwe Gone Tai'),
(121, 'West University'),
(65, 'Yadanar Pone Street'),
(16, 'Yadanar Street'),
(5, 'Yair Mon'),
(203, 'Yangon Bago Road'),
(100, 'Yangon Bu Tar Gyi'),
(217, 'Yangon Nyouk Tone Street'),
(104, 'Yankin center'),
(99, 'Yankin Road'),
(140, 'Yaw Gyi/Yaw lay'),
(51, 'Yoe Ma Yate Tr'),
(19, 'Yuzana'),
(32, 'Yuzana Garden Capital'),
(40, 'Yuzana Plaza'),
(12, 'Ywar Thar Gyi'),
(7, 'Za Yat Kwin'),
(14, 'Zawana');

-- --------------------------------------------------------

--
-- Table structure for table `contact`
--

CREATE TABLE `contact` (
  `cid` int(10) NOT NULL,
  `name` text NOT NULL,
  `email` text NOT NULL,
  `message` text NOT NULL
) ENGINE=InnoDB DEFAULT CHARSET=latin1;

--
-- Dumping data for table `contact`
--

INSERT INTO `contact` (`cid`, `name`, `email`, `message`) VALUES
(1, 'minoolay', 'minoolay02@gmail.com', 'This is a very good website'),
(2, 'Eliza', 'eliza@gmail.com', 'I love this web site so muchh. '),
(3, 'Thaw Zin', 'thawzin@gmail.com', 'It was a good application.');

-- --------------------------------------------------------

--
-- Table structure for table `login`
--

CREATE TABLE `login` (
  `username` varchar(30) NOT NULL,
  `password` varchar(40) DEFAULT NULL
) ENGINE=InnoDB DEFAULT CHARSET=latin1;

--
-- Dumping data for table `login`
--

INSERT INTO `login` (`username`, `password`) VALUES
('admin', '12345');

-- --------------------------------------------------------

--
-- Table structure for table `route`
--

CREATE TABLE `route` (
  `rid` int(10) NOT NULL,
  `bid` int(10) NOT NULL,
  `bsid` int(10) NOT NULL,
  `bsname` text NOT NULL
) ENGINE=InnoDB DEFAULT CHARSET=latin1;

--
-- Dumping data for table `route`
--

INSERT INTO `route` (`rid`, `bid`, `bsid`, `bsname`) VALUES
(1, 1, 1, 'Hlegu'),
(2, 1, 2, 'Thar Sone'),
(4, 1, 4, 'Pouk Kone'),
(5, 1, 3, 'Dare Poe'),
(6, 1, 5, 'Yair Mon'),
(7, 1, 6, 'Ce O T'),
(8, 1, 7, 'Za Yat Kwin'),
(9, 1, 8, 'Inn Tite'),
(10, 1, 9, 'Ta Youk Kone'),
(11, 1, 10, 'Tha Nat Pin'),
(12, 1, 11, 'Thin Gan Gyun'),
(13, 1, 12, 'Ywar Thar Gyi'),
(14, 1, 1, 'Hlegu'),
(15, 1, 14, 'Zawana'),
(16, 1, 15, 'Thu Mingalar'),
(17, 1, 16, 'Yadanar Street'),
(18, 1, 17, 'Myin Thar'),
(19, 1, 18, 'San Pya Zay'),
(20, 2, 19, 'Yuzana'),
(21, 2, 20, 'Pyi Htaung Su Road'),
(22, 2, 21, 'Law Car Street'),
(23, 2, 22, 'Maung Ma Kan Road'),
(24, 2, 23, 'No (2) Street'),
(25, 2, 24, 'Boe Muu Ba Htoo Road'),
(27, 2, 25, 'Myouk Oak Kalar Pa a Wine'),
(28, 2, 26, 'Kay Mr Ti Road'),
(29, 2, 27, 'University of Medicine(2)'),
(30, 2, 28, 'Myouk Oak Kalar Pa Hospital'),
(31, 2, 29, 'Thu Da Mar Street'),
(32, 2, 30, '6 kwe'),
(33, 2, 31, 'Aung Mingalar Highway'),
(34, 3, 32, 'Yuzana Garden Capital '),
(35, 3, 33, 'Pago Myint Road'),
(36, 3, 34, 'Ayeyarwady Road'),
(37, 3, 22, 'Maung Ma Kan Road'),
(38, 3, 35, 'Si Pin Road'),
(39, 3, 13, 'Taung Myouk Lan Sone'),
(40, 3, 18, 'San Pya Zay'),
(41, 3, 36, 'Lay Doung Kan Street'),
(42, 3, 37, 'East Mying Pyaing Kwin Road'),
(43, 3, 38, 'Tamwe a wine'),
(44, 3, 39, 'Ba Nya Dala Street'),
(45, 3, 40, 'Yuzana Plaza'),
(47, 3, 41, 'Mingalar Zay'),
(48, 3, 42, 'Kyike Ka San Street'),
(49, 4, 32, 'Yuzana Garden Capital '),
(50, 4, 33, 'Pago Myint Street'),
(51, 4, 34, 'Ayeyarwady Street'),
(52, 4, 43, 'Kwae Ma'),
(53, 4, 16, 'Yadanar Street'),
(54, 4, 44, 'Thine Yin Thar Kyay Ywar'),
(55, 4, 45, 'Than Lwin That Thar Chin Street'),
(56, 4, 46, 'Tar Kay Tha a wine'),
(57, 4, 47, 'Kyouk Tine'),
(58, 4, 48, 'Min Nanda Street'),
(59, 4, 49, 'Ma Har Ban Dula Bridge'),
(60, 4, 50, 'A Naw Ya Htar Street'),
(61, 4, 183, 'Sule'),
(62, 5, 51, 'Yoe Ma Yate Tr'),
(63, 5, 52, '89 Land Sone'),
(64, 5, 33, 'Pago Myint Street'),
(65, 5, 32, 'Yuzana Garden Capital'),
(66, 5, 53, 'Tun Shwe Wah Street'),
(67, 5, 54, 'Shwe Lee Street'),
(68, 5, 16, 'Yadanar Street'),
(69, 5, 44, 'Tine Yin Thar Kyay Ywar'),
(70, 5, 55, 'Thar Kay Tha'),
(71, 5, 48, 'Min Nanda Street'),
(72, 5, 56, 'Bo Gyoke Aung San Street'),
(73, 6, 57, 'Aung Myint Ko'),
(74, 6, 21, 'Law Car Street'),
(75, 6, 22, 'Maung Ma Kan Road'),
(76, 6, 35, 'Si Pin Street'),
(77, 6, 18, 'San Pya Zay'),
(78, 6, 59, 'Billy'),
(79, 6, 60, '8 mile Land Sone'),
(80, 6, 61, 'Pyay Road'),
(81, 6, 62, '10 Mile Kone'),
(82, 6, 63, '9 mile'),
(83, 7, 64, 'South Dagon'),
(84, 7, 65, 'Yadanar Pone Street'),
(85, 7, 21, 'Law Car Street'),
(86, 7, 66, 'Kone Tauk'),
(87, 6, 20, 'Pyi Htaung Su Road'),
(88, 7, 18, 'San Pya Zay'),
(89, 7, 67, 'Tamwe'),
(91, 7, 41, 'Mingalar Zay'),
(92, 7, 68, 'Tane Phyu'),
(93, 7, 50, 'A Naw Ya Htar Street'),
(94, 7, 183, 'Sule'),
(95, 8, 70, 'Inwa'),
(96, 8, 55, 'Thar Kay Tha'),
(97, 8, 71, '7 Zay Street'),
(98, 8, 72, 'Myin Thaw Thar Street'),
(99, 8, 29, 'Thu Da Mar Street'),
(100, 8, 48, 'Min Nanda Street'),
(101, 8, 73, 'Thar Kay Tha Tan Tar'),
(102, 8, 74, 'Nat Mout Street'),
(103, 8, 75, 'Dagon Garden kwae'),
(104, 8, 76, 'Latha Road'),
(105, 9, 77, 'Technology University '),
(106, 9, 34, 'Ayeyarwady Street'),
(107, 9, 47, 'Kyouk Tine'),
(108, 9, 48, 'MIn Nanda Street'),
(109, 9, 40, 'Yuzana Plaza'),
(110, 9, 78, 'Shwe Ba Ho'),
(111, 9, 79, 'Kyat Bal Zay'),
(112, 9, 80, 'Thuwana Than Tar'),
(113, 10, 44, 'Tine Yin Thar Kyay Ywar'),
(114, 10, 81, '5 kwae'),
(115, 10, 48, 'Min Nanda Street'),
(116, 10, 47, 'Kyouk Tine'),
(117, 10, 80, 'Thuwana Than Tar'),
(120, 10, 83, 'Parame Street'),
(122, 10, 29, 'Thu Da Mar Street'),
(123, 10, 84, 'Dagon University '),
(124, 11, 31, 'Aung Mingalar Highway'),
(125, 11, 85, 'Ka Yay Pin Lan Kwa'),
(126, 11, 86, 'Sor Bwr Gyee Kone'),
(127, 11, 87, 'Insane Garden'),
(128, 11, 142, 'Ba Ho Road'),
(129, 11, 89, 'San Yate Nyein'),
(130, 11, 90, 'Han Thar Wadi Road'),
(131, 11, 91, 'West Shwe Gone Tai'),
(132, 11, 92, 'ShweDagon Pagoda Road '),
(133, 12, 93, '50 kwae'),
(134, 12, 94, '46 Land Sone'),
(135, 12, 95, '7/8 Land Sone'),
(136, 11, 96, 'Ma Wa Ta Land Sone'),
(137, 12, 59, 'Billy'),
(138, 12, 83, 'Parame Street'),
(139, 12, 97, 'Thitsar Street'),
(140, 12, 98, 'Moe Kaung Road'),
(141, 12, 99, 'Yankin Road'),
(142, 12, 38, 'Tamwe a wine'),
(143, 12, 100, 'Yangon Bu Tar Gyi'),
(144, 12, 183, 'Sule'),
(145, 14, 101, 'Dagon'),
(146, 14, 102, 'Pin Lone Street'),
(147, 14, 59, 'Billy'),
(148, 14, 103, 'Tan Thu Mr Street'),
(149, 14, 16, 'Yadanar Street'),
(150, 14, 98, 'Moe Kaung Road'),
(151, 14, 38, 'Tamwe a wine'),
(152, 14, 104, 'Yankin center'),
(153, 14, 99, 'Yankin Road'),
(154, 14, 105, 'Hledan Center'),
(155, 14, 106, 'Sin Ma Lite'),
(156, 14, 183, 'Sule'),
(157, 14, 108, 'Thakhin Mya Garden'),
(158, 14, 234, 'Kyi Myint Tine Kan Nrr Road'),
(159, 15, 93, '50 kwae'),
(160, 15, 20, 'Pyi Htaung Su Road'),
(161, 15, 109, 'Kyo Tan Thar'),
(162, 15, 26, 'Kay Mr Ti Road'),
(163, 15, 29, 'Thu Da Mar Street'),
(164, 15, 110, 'Na Wa Day'),
(165, 15, 60, '8 mile Land Sone'),
(166, 15, 87, 'Insane Garden'),
(167, 15, 113, 'BOC'),
(168, 15, 114, 'Thamine Road'),
(169, 15, 77, 'Technology University '),
(170, 16, 115, 'Shwe Pouk Kan'),
(171, 16, 116, 'Kyouk Street'),
(172, 16, 30, '6 kwe'),
(173, 16, 110, 'Na Wa Day'),
(174, 16, 60, '8 mile Land Sone'),
(175, 16, 117, 'Pa Tain Road'),
(176, 16, 118, 'Dagon Highway'),
(177, 17, 115, 'Shwe Pouk Kan'),
(178, 17, 30, '6 kwe'),
(179, 17, 31, 'Aung Mingalar Highway'),
(180, 17, 190, 'Shwe Pyay Thar'),
(181, 17, 119, 'Pouk Than A wine'),
(182, 17, 120, 'Ta Ma Kone A wine'),
(183, 17, 121, 'West University '),
(184, 18, 122, 'Ka Yay Yate Mon'),
(185, 18, 123, 'NO (3) Land sone'),
(186, 18, 31, 'Aung Mingalar Highway'),
(187, 18, 30, '6 kwe'),
(188, 18, 29, 'Thu Da Mar Street'),
(189, 18, 124, 'Phone Gyi Road'),
(190, 18, 103, 'Tan Thu Mar Street'),
(191, 18, 59, 'Billy'),
(192, 18, 83, 'Parame Street'),
(193, 18, 79, 'Kyat Bal Zay'),
(194, 18, 36, 'Lay Doung Kan Street'),
(195, 18, 14, 'Zawana'),
(197, 19, 115, 'Shwe Pouk Kan'),
(198, 19, 30, '6 kwe'),
(199, 19, 103, 'Tan Thu Mr Street'),
(200, 19, 110, 'Na Wa Day'),
(201, 19, 60, '8 mile Land Sone'),
(202, 19, 125, 'Ba Yint Noun Land Sone'),
(203, 19, 126, 'Sin Ma Lite Zay'),
(204, 19, 108, 'Thakhin Mya Garden'),
(205, 20, 127, 'TB Hospital'),
(206, 20, 128, 'Dagon Ayeyar Highway'),
(207, 20, 120, 'Ta Ma Kone A wine'),
(208, 20, 129, 'BOC A wine'),
(209, 20, 130, 'Ba Yint Noun Road'),
(210, 20, 131, 'Thiri Mingalar Zay Thit'),
(211, 20, 106, 'Sin Ma Lite'),
(212, 20, 132, 'San Pya Nya Zay'),
(213, 20, 133, 'Myay Ni Kone'),
(214, 20, 38, 'Tamwe a wine'),
(215, 20, 67, 'Tamwe'),
(216, 20, 40, 'Yuzana Plaza'),
(217, 20, 68, 'Tane Phyu'),
(218, 21, 121, 'West University '),
(219, 21, 119, 'Pouk Than A wine'),
(220, 21, 190, 'Shwe Pyay Thar'),
(221, 21, 134, '14 Land Sone'),
(222, 21, 135, 'Da Nyin Kone'),
(223, 21, 136, 'Aung Mingalar 3 Road'),
(224, 21, 137, 'Pyay Thaw Thar'),
(225, 21, 138, 'Min Gyi Road'),
(226, 21, 87, 'Insane Garden'),
(227, 21, 77, 'Technology University'),
(228, 21, 114, 'Thamine Road'),
(229, 21, 105, 'Hledan Center'),
(230, 21, 133, 'Myay Ni Kone'),
(231, 21, 196, 'San Pya'),
(232, 21, 139, 'Maw Tin'),
(233, 21, 49, 'Ma Har Ban Dula Bridge'),
(234, 22, 121, 'West University '),
(235, 22, 4, 'Pouk kone'),
(236, 22, 140, 'Yaw Gyi/Yaw Lay'),
(237, 22, 156, 'Aye Zay Ya Street'),
(238, 22, 141, 'Pouk Thaw Wa'),
(239, 22, 87, 'Insane Garden'),
(240, 22, 142, 'Ba Ho Road'),
(242, 22, 89, 'San Yate Nyein'),
(243, 22, 90, 'Han Thar Wadi Road'),
(244, 22, 108, 'Thakhin Mya Garden'),
(245, 23, 121, 'West University '),
(246, 23, 143, 'Pa Thein Road'),
(247, 23, 120, 'Ta Ma Kone A wine'),
(248, 23, 129, 'BOC A wine'),
(249, 23, 144, 'Ba Yint Naung Bridge'),
(250, 23, 130, 'Ba Yint Naung Road'),
(251, 23, 145, 'Thiri Mingalar Zay'),
(252, 23, 106, 'Sin Ma Lite'),
(253, 23, 146, 'Kan Nrr Road'),
(254, 23, 108, 'Thakhin Mya Garden '),
(255, 24, 221, 'Kyan Sit Tar Road'),
(256, 24, 147, 'Tha Pin Shwe Htee Road'),
(257, 24, 20, 'Pyi Htaung Su Road'),
(258, 24, 148, 'Lay Douk Kan Road'),
(259, 24, 18, 'San Pya Zay'),
(260, 24, 14, 'Zawana'),
(261, 24, 149, 'A Thin Taing'),
(262, 24, 150, 'Thuwana Tan Thar'),
(263, 24, 103, 'Tan Thu Mr Street'),
(264, 24, 79, 'Kyat Bal Zay'),
(265, 24, 151, 'Pa Zon Taung Say'),
(266, 24, 152, 'Ma Hrr Ban Du La Tan Thar'),
(267, 24, 146, 'Kan Nrr Road'),
(268, 24, 153, 'Bo Ta Htaung Bat Yr Road'),
(269, 25, 84, 'Dagon University'),
(270, 25, 154, 'Min Yair Kyaw Swar Road'),
(271, 25, 95, '7/8 Land Sone'),
(272, 25, 20, 'Pyi Htaung Su Road'),
(273, 25, 103, 'Tan Thu Mr Street'),
(274, 25, 79, 'Kyat Bal Zay'),
(275, 25, 78, 'Shwe Ba Ho'),
(276, 24, 67, 'Tamwe'),
(277, 25, 40, 'Yuzana Plaza '),
(278, 25, 41, 'Mingalar Zay'),
(279, 26, 84, 'Dagon University'),
(280, 26, 154, 'Min Yair Kyaw Swar Road'),
(281, 26, 20, 'Pyi Htaung Su Road'),
(282, 26, 102, 'Pin lone Street'),
(283, 26, 59, 'Billy'),
(284, 26, 103, 'Tan Thu Mr Street'),
(285, 26, 16, 'Yadanar Street'),
(286, 26, 156, 'Aung Zay Ya Street'),
(287, 26, 98, 'Moe Kaung Road'),
(288, 26, 38, 'Tamwe a wine'),
(289, 26, 79, 'Kyat Bal Zay'),
(290, 26, 151, 'Pa Zon Taung Say'),
(291, 26, 152, 'Ma Hrr Ban Du La Tan Thar'),
(292, 26, 146, 'Kan Nrr Road'),
(293, 26, 153, 'Bo Ta Htaung Bat Yr Road'),
(294, 27, 157, 'Mental Hospital'),
(295, 27, 154, 'Min Yair Kyaw Swar Road'),
(296, 27, 133, 'Myay Ni Kone'),
(297, 27, 158, '133 Yat Kwat'),
(298, 27, 84, 'Dagon University '),
(299, 27, 20, 'Pyi Htaung Su Road'),
(300, 26, 159, 'Bo Muu Ba Htuu Road'),
(301, 26, 160, 'U Wee Sr Ya Road'),
(302, 27, 59, 'Billy'),
(303, 27, 103, 'Tan Thu Mr Street'),
(304, 27, 16, 'Yadanar Street'),
(305, 27, 98, 'Moe Kaung Road'),
(306, 27, 67, 'Tamwe'),
(307, 27, 40, 'Yuzana Plaza'),
(308, 27, 41, 'Mingalar Zay'),
(309, 27, 42, 'Kyike Ka San Street'),
(310, 28, 84, 'Dagon University '),
(311, 28, 24, 'Boe Muu Ba Htoo Road'),
(312, 28, 110, 'Na Wa Day'),
(313, 28, 162, 'Kabar Aye Pagoda Road'),
(314, 28, 161, 'Bahan(3) Street'),
(315, 28, 100, 'Yangon Bu Tar Gyi'),
(316, 29, 84, 'Dagon University '),
(317, 29, 221, 'Kyan Sit Tar Road'),
(318, 29, 154, 'Min Yair Kyaw Swar Road'),
(319, 29, 20, 'Pyi Htaung Su Road'),
(320, 29, 102, 'Pin lone Street'),
(321, 29, 59, 'Billy'),
(322, 29, 103, 'Tan Thu Mr Street'),
(323, 29, 97, 'Thitsar Street'),
(324, 29, 99, 'Yankin Road'),
(325, 29, 38, 'Tamwe a wine'),
(326, 29, 162, 'Kabar Aye Pagoda Road'),
(327, 29, 100, 'Yangon Bu Tar Gyi'),
(328, 29, 183, 'Sule'),
(341, 31, 165, 'Than Lwin'),
(342, 31, 247, 'Kyouk Than Road'),
(343, 31, 173, 'Than Lwin No(1) Tan Thar'),
(344, 31, 152, 'Ma Har Ban Dula Tan Thar'),
(345, 31, 233, 'Bo Ta Htaung Zay Road'),
(346, 31, 50, 'A Naw Ya Htar Street'),
(347, 31, 232, 'Kone Tal Road'),
(348, 32, 164, 'Marine Science University '),
(349, 32, 165, 'Than Lwin'),
(350, 32, 173, 'Than Lwin No(1) Tan Thar'),
(351, 32, 34, 'Ayeyarwady Street'),
(352, 32, 47, 'Kyouk Tine'),
(353, 32, 80, 'Thuwana Than Tar'),
(354, 32, 166, 'Wai Za Ya Nrr Road'),
(355, 32, 30, '6 kwe'),
(356, 32, 14, 'Zawana'),
(357, 32, 167, 'Thu Mingalar Road'),
(358, 32, 83, 'Parame Street'),
(359, 32, 59, 'Billy'),
(360, 32, 103, 'Tan Thu Mr Street'),
(361, 32, 186, 'No(3) Land Sone'),
(362, 32, 168, 'Ka Yay Yate Mon Eain Yar'),
(363, 33, 247, 'Kyouk Than Road'),
(364, 33, 173, 'Than Lwin No(1) Tan Thar'),
(365, 33, 47, 'Kyouk Tine'),
(366, 33, 48, 'Min Nanda Street'),
(367, 33, 169, 'Daw Pone'),
(368, 33, 42, 'Kyike Ka San Street'),
(369, 33, 41, 'Mingalar Zay'),
(370, 33, 40, 'Yuzana Plaza'),
(371, 34, 170, 'Ka Yan'),
(372, 34, 171, 'Tone Kwa'),
(373, 34, 172, 'East University '),
(375, 34, 173, 'Than Lwin No(1) Tan Thar'),
(376, 34, 55, 'Thar Kay Tha'),
(377, 34, 174, 'Min Thaw Thar Road'),
(378, 34, 152, 'Ma Hrr Ban Du La Tan Thar'),
(379, 34, 153, 'Bo Ta Htaung Bat Yr Road'),
(380, 34, 146, 'Kan Nrr Road'),
(381, 35, 176, 'Htauk Kyant'),
(382, 35, 177, 'Nwe Kwe'),
(383, 35, 178, 'No(3) Lan Pan Lal  Myo Thit'),
(384, 35, 184, 'No(3) Road'),
(385, 35, 179, 'Ka Yay Pin Lan Kwal '),
(386, 35, 180, 'Pyay Road'),
(387, 35, 60, '8 mile Land Sone'),
(388, 35, 105, 'Hledan Center'),
(389, 35, 181, 'Myay Nee Kone'),
(390, 35, 124, 'Phone Gyi Road'),
(391, 35, 146, 'Kan Nrr Road'),
(392, 35, 139, 'Maw Tin'),
(393, 35, 152, 'Ma Hrr Ban Du La Than Thar'),
(394, 36, 176, 'Htaunt Kyant'),
(395, 36, 177, 'Nwe Kwe'),
(396, 36, 184, 'No(3) Road'),
(397, 36, 178, 'No(3) Pan Lal Myo Thit'),
(398, 36, 29, 'Thu Da Mar Street'),
(399, 36, 110, 'Na Wa Day'),
(400, 36, 162, 'Kabar Aye Pagoda Road'),
(401, 36, 161, 'Bahan(3) Street'),
(402, 36, 100, 'Yangon Bu Tar Gyi'),
(403, 36, 183, 'Sule'),
(404, 37, 176, 'Htaunt Kyant'),
(405, 37, 180, 'Pyay Road'),
(406, 37, 179, 'Ka Yay Pin Land Kwal'),
(407, 37, 62, '10 Mile Kone'),
(408, 37, 60, '8 mile Land Sone'),
(409, 37, 105, 'Hledan Center'),
(410, 37, 181, 'Myay Nee Kone'),
(411, 37, 124, 'Phone Gyi Road'),
(412, 37, 146, 'Kan Nrr Road'),
(413, 37, 139, 'Maw Tin'),
(414, 37, 152, 'Ma Hrr Ban Du La Tan Thar'),
(415, 38, 59, 'Billy'),
(416, 38, 103, 'Tan Thu Mar Street'),
(417, 38, 188, 'South Oak Kalar Ba Yr'),
(418, 38, 97, 'Thitsar Street'),
(419, 38, 98, 'Moe Kaung Road'),
(420, 38, 99, 'Yankin Road'),
(421, 38, 189, 'Sat Muu Zone(1) Road'),
(422, 38, 162, 'Kabar Aye Pagoda Road'),
(423, 38, 191, 'Kote Kite'),
(424, 38, 105, 'Hledan Center'),
(425, 38, 106, 'Sin Ma lite'),
(426, 38, 130, 'Ba Yint Naung Road'),
(427, 38, 131, 'Thiri Mingalar Zay Thit'),
(428, 39, 190, 'Shwe Pyay Thar'),
(429, 39, 192, 'No(4) Road'),
(430, 39, 193, 'Computer University  '),
(431, 39, 137, 'Pyay Thaw Thar'),
(432, 39, 113, 'BOC'),
(433, 39, 77, 'Technology University '),
(434, 39, 105, 'Hledan Center'),
(435, 39, 133, 'Myay Ni Kone'),
(436, 39, 196, 'San Pya'),
(437, 38, 124, 'Phone Gyi Road'),
(438, 39, 146, 'Kan Nrr Road'),
(439, 39, 139, 'Maw Tin'),
(440, 39, 152, 'Ma Hrr Ban Du La Tan Thar'),
(441, 40, 190, 'Shwe Pyay Thar'),
(442, 40, 197, 'Pan Lal Road'),
(443, 40, 134, '14 Land Sone'),
(444, 40, 198, 'Da Nyin Kone Land Sone'),
(445, 40, 137, 'Pyay Thaw Thar'),
(446, 40, 125, 'Ba Yint Noun Land Sone'),
(447, 40, 141, 'Pouk Thaw Wa'),
(448, 40, 130, 'Ba Yint Noun Road'),
(449, 40, 106, 'Sin Ma Lite'),
(450, 40, 132, 'San Pya Nya Say'),
(451, 40, 146, 'Kan Nrr Road'),
(452, 40, 108, 'Thakhin Mya Garden'),
(453, 41, 176, 'Htaunt Kyant'),
(454, 41, 61, 'Pyay Road'),
(455, 41, 87, 'Insane Garden'),
(456, 41, 105, 'Hledan Center'),
(457, 41, 163, 'Kyi Myint Tai'),
(458, 41, 108, 'Thakhin Mya Garden'),
(459, 42, 190, 'Shwe Pyay Thar'),
(460, 42, 21, 'Law Car Street'),
(461, 42, 152, 'Ma Hrr Ban Du La Tan Thar'),
(462, 42, 190, 'Shwe Pyay Thar'),
(463, 42, 199, 'Shwe Pyay Thar Kwae'),
(464, 42, 123, 'No(3) Land Sone'),
(465, 42, 103, 'Tan Thu Mar Street'),
(466, 42, 124, 'Phone Gyi Road'),
(467, 42, 200, 'Ka Mar Kyi Road'),
(468, 42, 55, 'Thar Kay Tha'),
(469, 42, 173, 'Than Lwin No(1) Tan Thar'),
(470, 42, 16, 'Yadanar Street'),
(471, 44, 201, 'Lat Kone'),
(472, 44, 58, 'Law Car Road'),
(473, 44, 2, 'Thar Sone'),
(474, 44, 192, 'No(4) Road'),
(475, 44, 135, 'Da Nyin Kone'),
(476, 44, 179, 'Ka Yay Pin Land Kwal'),
(477, 44, 176, 'Htaunt Kyant'),
(478, 44, 203, 'Yangon Bago Road '),
(479, 44, 204, 'Hleku Zay Shay'),
(480, 43, 201, 'Lat Kone'),
(481, 43, 21, 'Law Car Street'),
(482, 43, 2, 'Thar Sone'),
(483, 43, 192, 'No (4) Road'),
(484, 43, 61, 'Pyay Road'),
(485, 43, 202, 'Maw Bee Zay Shay'),
(486, 45, 204, 'Hleku Zay Shay'),
(487, 45, 205, 'Min Kon'),
(488, 46, 206, 'Dar pane'),
(489, 46, 23, 'No(2) Street'),
(490, 46, 12, 'Ywar Thar Gyi'),
(491, 46, 13, 'Taung Myouk Lan Sone'),
(492, 47, 208, 'Hlaing Thar Yar'),
(493, 47, 207, 'Tone Tay Tan Tar'),
(494, 47, 209, 'Ton Tay'),
(495, 47, 210, 'Ba Yr Cyoke Toe'),
(496, 47, 211, 'Kan Bay'),
(497, 48, 250, 'Da La'),
(498, 48, 210, 'Ba Yr Cyoke Toe'),
(499, 48, 209, 'Ton Tay'),
(500, 49, 208, 'Hlaing Thar Yar'),
(501, 49, 207, 'Tone Tay Tan Tar'),
(502, 49, 210, 'Ba Yr Cyoke Toe'),
(503, 49, 211, 'Kan Bay'),
(504, 49, 212, 'Kaw Muu'),
(505, 49, 213, 'Kon Chan Kone'),
(506, 50, 210, 'Ba Yr Cyoke Toe'),
(507, 50, 211, 'Kan Bay'),
(508, 50, 212, 'Kaw Muu'),
(509, 50, 213, 'Kon Chan Kone'),
(510, 51, 214, 'Bago'),
(511, 51, 215, 'Ta Nat Pin'),
(512, 51, 170, 'Ka Yan'),
(513, 52, 216, 'Htam Tip Pin'),
(514, 52, 217, 'Yangon Nyouk Tone Street'),
(515, 52, 219, 'Mee Kwat Zay'),
(516, 53, 220, 'Shwe Lin Ban Land Sone'),
(517, 53, 221, 'Kyan Sit Tar Road'),
(518, 53, 222, 'Nyoun Tone Street'),
(519, 53, 223, 'Bo Aung Kyaw Road'),
(520, 54, 224, '86 gate'),
(521, 54, 225, 'Shwe Yay Aye Road'),
(522, 54, 223, 'Bo Aung Kyaw Road'),
(523, 54, 226, ''),
(524, 54, 221, ''),
(525, 54, 222, ''),
(526, 55, 227, ''),
(527, 55, 228, ''),
(528, 55, 229, ''),
(529, 55, 230, ''),
(530, 55, 231, ''),
(531, 55, 176, ''),
(532, 56, 108, ''),
(533, 56, 146, ''),
(534, 56, 152, ''),
(535, 56, 153, ''),
(536, 56, 232, ''),
(537, 57, 108, ''),
(538, 57, 146, ''),
(539, 57, 152, ''),
(540, 57, 153, ''),
(541, 57, 146, ''),
(542, 58, 153, ''),
(543, 58, 50, ''),
(544, 58, 146, ''),
(545, 59, 11, ''),
(546, 59, 18, ''),
(547, 59, 103, ''),
(548, 59, 79, ''),
(549, 59, 38, ''),
(550, 59, 107, ''),
(551, 59, 235, ''),
(552, 60, 235, ''),
(553, 60, 55, ''),
(554, 60, 34, ''),
(555, 60, 20, ''),
(556, 60, 23, ''),
(557, 60, 11, ''),
(558, 60, 16, ''),
(559, 61, 156, ''),
(560, 63, 237, ''),
(561, 62, 58, ''),
(562, 62, 65, ''),
(563, 62, 23, ''),
(564, 62, 18, ''),
(565, 62, 36, ''),
(566, 62, 14, ''),
(567, 63, 11, ''),
(568, 63, 18, ''),
(569, 63, 103, ''),
(570, 63, 79, ''),
(571, 63, 151, ''),
(572, 63, 146, ''),
(573, 64, 238, ''),
(574, 64, 29, ''),
(575, 64, 26, ''),
(576, 64, 110, ''),
(577, 64, 162, ''),
(578, 64, 239, ''),
(579, 64, 240, ''),
(580, 64, 241, ''),
(581, 51, 215, ''),
(582, 51, 170, ''),
(583, 52, 216, ''),
(584, 52, 217, ''),
(585, 52, 219, ''),
(586, 53, 220, ''),
(587, 53, 221, ''),
(588, 53, 222, ''),
(589, 53, 223, ''),
(590, 54, 224, ''),
(591, 54, 50, ''),
(592, 54, 50, ''),
(593, 54, 225, ''),
(594, 54, 223, ''),
(595, 54, 226, ''),
(596, 54, 221, ''),
(597, 54, 222, ''),
(598, 55, 227, ''),
(599, 55, 228, ''),
(600, 55, 229, ''),
(601, 55, 230, ''),
(602, 55, 231, ''),
(603, 55, 176, ''),
(604, 56, 108, ''),
(605, 56, 146, ''),
(606, 56, 152, ''),
(607, 56, 153, ''),
(608, 56, 232, ''),
(609, 57, 108, ''),
(610, 57, 146, ''),
(611, 57, 152, ''),
(612, 57, 153, ''),
(613, 57, 50, ''),
(614, 58, 153, ''),
(615, 58, 146, ''),
(616, 59, 11, ''),
(617, 59, 18, ''),
(618, 59, 103, ''),
(619, 59, 79, ''),
(620, 59, 38, ''),
(621, 59, 107, ''),
(622, 59, 235, ''),
(623, 60, 235, ''),
(624, 60, 55, ''),
(625, 60, 34, ''),
(626, 60, 20, ''),
(627, 60, 23, ''),
(628, 60, 11, ''),
(629, 60, 16, ''),
(630, 60, 156, '');

--
-- Indexes for dumped tables
--

--
-- Indexes for table `bus`
--
ALTER TABLE `bus`
  ADD PRIMARY KEY (`bid`);

--
-- Indexes for table `bus_stop`
--
ALTER TABLE `bus_stop`
  ADD PRIMARY KEY (`bsid`),
  ADD UNIQUE KEY `bsname` (`bsname`);

--
-- Indexes for table `contact`
--
ALTER TABLE `contact`
  ADD PRIMARY KEY (`cid`);

--
-- Indexes for table `login`
--
ALTER TABLE `login`
  ADD PRIMARY KEY (`username`);

--
-- Indexes for table `route`
--
ALTER TABLE `route`
  ADD PRIMARY KEY (`rid`),
  ADD KEY `bid` (`bid`),
  ADD KEY `bsid` (`bsid`);

--
-- AUTO_INCREMENT for dumped tables
--

--
-- AUTO_INCREMENT for table `bus`
--
ALTER TABLE `bus`
  MODIFY `bid` int(20) NOT NULL AUTO_INCREMENT, AUTO_INCREMENT=71;

--
-- AUTO_INCREMENT for table `bus_stop`
--
ALTER TABLE `bus_stop`
  MODIFY `bsid` int(10) NOT NULL AUTO_INCREMENT, AUTO_INCREMENT=251;

--
-- AUTO_INCREMENT for table `contact`
--
ALTER TABLE `contact`
  MODIFY `cid` int(10) NOT NULL AUTO_INCREMENT, AUTO_INCREMENT=4;

--
-- AUTO_INCREMENT for table `route`
--
ALTER TABLE `route`
  MODIFY `rid` int(10) NOT NULL AUTO_INCREMENT, AUTO_INCREMENT=631;

--
-- Constraints for dumped tables
--

--
-- Constraints for table `route`
--
ALTER TABLE `route`
  ADD CONSTRAINT `route_ibfk_1` FOREIGN KEY (`bid`) REFERENCES `bus` (`bid`) ON DELETE CASCADE ON UPDATE CASCADE,
  ADD CONSTRAINT `route_ibfk_2` FOREIGN KEY (`bsid`) REFERENCES `bus_stop` (`bsid`) ON DELETE CASCADE ON UPDATE CASCADE;
COMMIT;

/*!40101 SET CHARACTER_SET_CLIENT=@OLD_CHARACTER_SET_CLIENT */;
/*!40101 SET CHARACTER_SET_RESULTS=@OLD_CHARACTER_SET_RESULTS */;
/*!40101 SET COLLATION_CONNECTION=@OLD_COLLATION_CONNECTION */;
